,fusion_type,class_sep_img,class_sep_text,prob_img_right,prob_text_right,prob_wrong,num_cases,accuracy_ATT_NN,accuracy_NN_img,accuracy_NN_txt,accuracy_BY_2,accuracy_Monkey,f1-macro_ATT_NN,f1-macro_NN_img,f1-macro_NN_txt,f1-macro_BY_2,f1-macro_Monkey,f1-micro_ATT_NN,f1-micro_NN_img,f1-micro_NN_txt,f1-micro_BY_2,f1-micro_Monkey,confusion matrix_ATT_NN,confusion matrix_NN_img,confusion matrix_NN_txt,confusion matrix_BY_2,confusion matrix_Monkey
0,att,1,1,0.0,-1.0,0.0,10000,0.916,0.351,0.889,0.842,0.344,0.9155317037969347,0.34933321101010945,0.8887792802074072,0.8420567345882729,0.3432677467691921,0.916,0.351,0.889,0.842,0.344,"[[317  21  12]
 [ 12 283  21]
 [  8  10 316]]","[[125  99 126]
 [107  95 114]
 [108  95 131]]","[[312  16  22]
 [ 14 283  19]
 [ 15  25 294]]","[[294  23  33]
 [ 24 267  25]
 [ 28  25 281]]","[[129 100 121]
 [101 101 114]
 [115 105 114]]"
1,att,1,1,0.0,-1.0,0.05,10000,0.869,0.351,0.828,0.754,0.333,0.8689545343629158,0.3494097338938545,0.8281512511981027,0.7537544951496443,0.3325966710023008,0.869,0.351,0.828,0.754,0.333,"[[302  19  25]
 [ 22 269  24]
 [ 24  17 298]]","[[138 102 106]
 [122  99  94]
 [116 109 114]]","[[292  26  28]
 [ 26 262  27]
 [ 41  24 274]]","[[270  35  41]
 [ 39 236  40]
 [ 50  41 248]]","[[115 110 121]
 [103 100 112]
 [107 114 118]]"
2,att,1,1,0.0,-1.0,0.1,10000,0.817,0.348,0.754,0.701,0.328,0.8160610723531917,0.3475743935495877,0.752735353130035,0.7003606968034037,0.32832405517657887,0.817,0.348,0.754,0.701,0.328,"[[295  39  37]
 [ 31 245  37]
 [ 14  25 277]]","[[130 106 135]
 [102 116  95]
 [113 101 102]]","[[280  52  39]
 [ 40 225  48]
 [ 30  37 249]]","[[256  59  56]
 [ 46 216  51]
 [ 43  44 229]]","[[113 137 121]
 [117 111  85]
 [110 102 104]]"
3,att,1,1,0.0,-1.0,0.15000000000000002,10000,0.732,0.341,0.698,0.625,0.327,0.7319366161143558,0.34096018724474253,0.6973615831301293,0.6249144195137369,0.32694262413782277,0.732,0.341,0.698,0.625,0.327,"[[251  46  54]
 [ 36 243  44]
 [ 40  48 238]]","[[110 105 136]
 [122 103  98]
 [116  82 128]]","[[253  47  51]
 [ 44 222  57]
 [ 44  59 223]]","[[216  58  77]
 [ 66 199  58]
 [ 55  61 210]]","[[112 113 126]
 [112 105 106]
 [100 116 110]]"
4,att,1,1,0.0,-1.0,0.2,10000,0.678,0.348,0.606,0.563,0.346,0.6776936252886551,0.34695328534282344,0.6058960030138208,0.5625138048164753,0.3458629576839051,0.678,0.348,0.606,0.563,0.346,"[[231  57  46]
 [ 53 211  69]
 [ 46  51 236]]","[[126  86 122]
 [121  97 115]
 [ 96 112 125]]","[[207  62  65]
 [ 74 194  65]
 [ 65  63 205]]","[[191  72  71]
 [ 86 172  75]
 [ 70  63 200]]","[[115 110 109]
 [112 109 112]
 [114  97 122]]"
5,att,1,1,0.0,-1.0,0.25,10000,0.588,0.332,0.558,0.506,0.324,0.587722693011414,0.33164765303469723,0.5578276180727677,0.505331635266229,0.32402306906159684,0.588,0.332,0.558,0.506,0.324,"[[198  69  68]
 [ 75 184  75]
 [ 58  67 206]]","[[129  96 110]
 [ 95 109 130]
 [121 116  94]]","[[195  74  66]
 [ 79 186  69]
 [ 81  73 177]]","[[185  74  76]
 [ 77 169  88]
 [ 88  91 152]]","[[105 103 127]
 [116 108 110]
 [111 109 111]]"
6,att,1,1,0.0,-1.0,0.30000000000000004,10000,0.562,0.346,0.504,0.473,0.296,0.5618822675088015,0.34610407701882906,0.5038176329691132,0.4729870137725123,0.29610509589932915,0.562,0.346,0.504,0.473,0.296,"[[194  70  75]
 [ 73 179  73]
 [ 77  70 189]]","[[114 111 114]
 [108 117 100]
 [117 104 115]]","[[175  79  85]
 [ 83 159  83]
 [ 86  80 170]]","[[156  91  92]
 [ 84 157  84]
 [ 83  93 160]]","[[100 118 121]
 [127  99  99]
 [124 115  97]]"
7,att,1,1,0.0,-1.0,0.35000000000000003,10000,0.515,0.356,0.499,0.455,0.339,0.5147324638611745,0.3558446469083177,0.49838580916460967,0.45422528095014636,0.33835488439640576,0.515,0.356,0.499,0.455,0.339,"[[157  74  80]
 [ 78 176  93]
 [ 72  88 182]]","[[112 104  95]
 [129 113 105]
 [107 104 131]]","[[150  77  84]
 [ 81 182  84]
 [ 75 100 167]]","[[136  84  91]
 [ 91 167  89]
 [ 89 101 152]]","[[ 98 115  98]
 [115 124 108]
 [ 90 135 117]]"
8,att,1,1,0.0,-1.0,0.4,10000,0.463,0.354,0.436,0.417,0.352,0.4620217383478931,0.3531573524319456,0.43593117560487676,0.41628290609170754,0.3518966464106035,0.463,0.354,0.436,0.417,0.352,"[[169  83  91]
 [ 84 133  98]
 [ 82  99 161]]","[[132 112  99]
 [101 102 112]
 [114 108 120]]","[[151  91 101]
 [ 86 139  90]
 [ 93 103 146]]","[[152 100  91]
 [ 84 123 108]
 [106  94 142]]","[[108 118 117]
 [102 122  91]
 [108 112 122]]"
9,att,1,1,0.1,-0.9,0.0,10000,0.838,0.347,0.783,0.731,0.313,0.8377124193529983,0.34695522827437336,0.7828688644087397,0.7309265749476488,0.3130190439250748,0.838,0.347,0.7829999999999999,0.731,0.313,"[[291  29  29]
 [ 25 261  32]
 [ 24  23 286]]","[[120 104 125]
 [106 110 102]
 [111 105 117]]","[[272  38  39]
 [ 26 254  38]
 [ 35  41 257]]","[[257  40  52]
 [ 34 239  45]
 [ 50  48 235]]","[[108 117 124]
 [103 104 111]
 [118 114 101]]"
10,att,1,1,0.1,-0.9,0.05,10000,0.797,0.343,0.766,0.693,0.352,0.7969658896022214,0.34254314591951135,0.7660251968793884,0.6932546620046619,0.35155987240165737,0.797,0.343,0.766,0.693,0.352,"[[267  43  30]
 [ 26 256  33]
 [ 42  29 274]]","[[114 101 125]
 [119 103  93]
 [111 108 126]]","[[261  40  39]
 [ 37 245  33]
 [ 46  39 260]]","[[243  44  53]
 [ 53 219  43]
 [ 68  46 231]]","[[131  95 114]
 [101 107 107]
 [124 107 114]]"
11,att,1,1,0.1,-0.9,0.1,10000,0.751,0.334,0.674,0.611,0.327,0.7505886541988888,0.333942076554129,0.6734674735085998,0.6108738538751607,0.326727026991864,0.751,0.334,0.674,0.611,0.327,"[[269  46  39]
 [ 45 234  49]
 [ 39  31 248]]","[[116 112 126]
 [114 107 107]
 [106 101 111]]","[[243  54  57]
 [ 56 214  58]
 [ 43  58 217]]","[[214  63  77]
 [ 63 198  67]
 [ 43  76 199]]","[[119 109 126]
 [111 101 116]
 [ 96 115 107]]"
12,att,1,1,0.1,-0.9,0.15000000000000002,10000,0.657,0.318,0.618,0.562,0.352,0.6568935387975402,0.31788268654615054,0.6178498255857607,0.5618838272221035,0.35171031388728125,0.657,0.318,0.618,0.562,0.352,"[[225  61  53]
 [ 56 211  54]
 [ 60  59 221]]","[[112 119 108]
 [119  99 103]
 [113 120 107]]","[[215  65  59]
 [ 68 198  55]
 [ 62  73 205]]","[[197  75  67]
 [ 77 178  66]
 [ 63  90 187]]","[[101 129 109]
 [108 127  86]
 [109 107 124]]"
13,att,1,1,0.1,-0.9,0.2,10000,0.608,0.332,0.572,0.509,0.312,0.6069957588493192,0.3320677107732066,0.5719535581046685,0.508924856987251,0.31196943280163814,0.608,0.332,0.572,0.509,0.312,"[[218  74  54]
 [ 63 180  70]
 [ 67  64 210]]","[[105 140 101]
 [101 110 102]
 [107 117 117]]","[[200  88  58]
 [ 67 186  60]
 [ 75  80 186]]","[[174 104  68]
 [ 67 174  72]
 [ 83  97 161]]","[[105 125 116]
 [100 101 112]
 [120 115 106]]"
14,att,1,1,0.1,-0.9,0.25,10000,0.543,0.319,0.524,0.471,0.345,0.5426059494064931,0.3189842104351678,0.523640287730845,0.47058608742774166,0.34501042090013795,0.543,0.319,0.524,0.471,0.345,"[[184  73  86]
 [ 74 167  78]
 [ 74  72 192]]","[[111 106 126]
 [110 108 101]
 [114 124 100]]","[[189  81  73]
 [ 87 166  66]
 [ 85  84 169]]","[[168  87  88]
 [ 81 159  79]
 [ 95  99 144]]","[[120 117 106]
 [ 98 114 107]
 [104 123 111]]"
15,att,1,1,0.1,-0.9,0.30000000000000004,10000,0.522,0.333,0.473,0.455,0.327,0.5218318194806487,0.33298861555905473,0.4728005974692649,0.45453453539235006,0.3256128873756941,0.522,0.333,0.473,0.455,0.327,"[[179  90  85]
 [ 66 165  79]
 [ 77  81 178]]","[[108 127 119]
 [100 107 103]
 [116 102 118]]","[[162 105  87]
 [ 82 147  81]
 [ 83  89 164]]","[[159 103  92]
 [ 79 138  93]
 [ 95  83 158]]","[[124  99 131]
 [110  90 110]
 [116 107 113]]"
16,att,1,1,0.1,-0.9,0.35000000000000003,10000,0.485,0.32,0.449,0.418,0.348,0.4846727680211483,0.320000039977764,0.44848413842103274,0.4175456554969241,0.34804893645155,0.485,0.32,0.449,0.418,0.348,"[[169  79  89]
 [ 81 148  96]
 [ 81  89 168]]","[[108 115 114]
 [110 104 111]
 [123 107 108]]","[[165  86  86]
 [107 139  79]
 [105  88 145]]","[[152  90  95]
 [ 97 129  99]
 [109  92 137]]","[[113 119 105]
 [110 116  99]
 [109 110 119]]"
17,att,1,1,0.1,-0.9,0.4,10000,0.456,0.348,0.45,0.434,0.355,0.4551807905258191,0.3476517844152065,0.44889796112206976,0.4330185256702828,0.3541211964990337,0.456,0.348,0.45,0.434,0.35500000000000004,"[[134  79  97]
 [ 95 159  99]
 [ 88  86 163]]","[[106 100 104]
 [116 124 113]
 [100 119 118]]","[[137  83  90]
 [ 80 174  99]
 [ 93 105 139]]","[[128  87  95]
 [ 95 162  96]
 [ 93 100 144]]","[[119  92  99]
 [104 136 113]
 [115 122 100]]"
18,att,1,1,0.2,-0.8,0.0,10000,0.717,0.359,0.67,0.624,0.336,0.7162417334878789,0.35883112819572216,0.669959987230811,0.6238318856612837,0.33655593394593203,0.7169999999999999,0.359,0.67,0.624,0.336,"[[260  57  35]
 [ 37 221  54]
 [ 54  46 236]]","[[128 104 120]
 [114 112  86]
 [111 106 119]]","[[231  61  60]
 [ 39 213  60]
 [ 58  52 226]]","[[222  61  69]
 [ 48 195  69]
 [ 69  60 207]]","[[107 119 126]
 [ 94 120  98]
 [131  96 109]]"
19,att,1,1,0.2,-0.8,0.05,10000,0.703,0.357,0.671,0.594,0.355,0.702775605389515,0.35648694830996686,0.6712312378833194,0.5938808547975353,0.3542204162206158,0.703,0.357,0.671,0.594,0.35500000000000004,"[[243  51  52]
 [ 42 219  55]
 [ 52  45 241]]","[[111 107 128]
 [ 91 114 111]
 [ 92 114 132]]","[[227  56  63]
 [ 44 219  53]
 [ 63  50 225]]","[[192  75  79]
 [ 56 195  65]
 [ 61  70 207]]","[[135 100 111]
 [122 110  84]
 [122 106 110]]"
20,att,1,1,0.2,-0.8,0.1,10000,0.635,0.357,0.601,0.551,0.329,0.6342462172238156,0.35604051641493784,0.6000872815219167,0.5499383931613453,0.32892756798198947,0.635,0.357,0.601,0.551,0.329,"[[209  63  46]
 [ 68 195  62]
 [ 64  62 231]]","[[106 109 103]
 [ 99 114 112]
 [123  97 137]]","[[203  58  57]
 [ 71 178  76]
 [ 62  75 220]]","[[185  71  62]
 [ 75 163  87]
 [ 85  69 203]]","[[108 108 102]
 [118 104 103]
 [109 131 117]]"
21,att,1,1,0.2,-0.8,0.15000000000000002,10000,0.623,0.32,0.579,0.501,0.344,0.6226426840204746,0.319602642604276,0.5784827265053618,0.5009259922500925,0.3438591776041103,0.623,0.32,0.579,0.501,0.344,"[[215  58  62]
 [ 66 215  68]
 [ 59  64 193]]","[[ 99 111 125]
 [120 117 112]
 [ 90 122 104]]","[[210  55  70]
 [ 79 187  83]
 [ 63  71 182]]","[[178  65  92]
 [ 83 168  98]
 [ 70  91 155]]","[[117 106 112]
 [119 119 111]
 [ 98 110 108]]"
22,att,1,1,0.2,-0.8,0.2,10000,0.574,0.324,0.547,0.48,0.322,0.5733730906752085,0.32325262745551714,0.5468074615924909,0.4798289429743802,0.3217906554040952,0.574,0.324,0.547,0.48,0.322,"[[203  65  86]
 [ 71 173  69]
 [ 61  74 198]]","[[104 110 140]
 [109  97 107]
 [102 108 123]]","[[180  82  92]
 [ 66 173  74]
 [ 71  68 194]]","[[159  80 115]
 [ 77 148  88]
 [ 83  77 173]]","[[115 118 121]
 [117 101  95]
 [110 117 106]]"
23,att,1,1,0.2,-0.8,0.25,10000,0.508,0.321,0.464,0.423,0.328,0.5081860447918034,0.3211456898232934,0.46351440895227,0.4229871362289493,0.3274737388246633,0.508,0.321,0.464,0.42299999999999993,0.328,"[[163  80  87]
 [ 80 174  69]
 [ 98  78 171]]","[[ 97 111 122]
 [117 108  98]
 [130 101 116]]","[[169  81  80]
 [ 97 147  79]
 [ 99 100 148]]","[[146  90  94]
 [108 133  82]
 [113  90 144]]","[[ 97 125 108]
 [ 90 118 115]
 [117 117 113]]"
24,att,1,1,0.2,-0.8,0.30000000000000004,10000,0.473,0.337,0.464,0.448,0.335,0.47243685817577025,0.3370396587167608,0.4638246187868768,0.4479707791482992,0.33483967204291193,0.473,0.337,0.464,0.44800000000000006,0.335,"[[158  91  91]
 [ 81 171  69]
 [ 85 110 144]]","[[112 109 119]
 [112 122  87]
 [126 110 103]]","[[165  87  88]
 [ 79 152  90]
 [ 98  94 147]]","[[158  84  98]
 [ 93 153  75]
 [112  90 137]]","[[109 114 117]
 [110 106 105]
 [114 105 120]]"
25,att,1,1,0.2,-0.8,0.35000000000000003,10000,0.462,0.343,0.439,0.42,0.327,0.46204060274555014,0.3426346681199664,0.4383909075639662,0.4192493792131398,0.32682991927863436,0.462,0.343,0.439,0.41999999999999993,0.327,"[[156  86  90]
 [ 77 148  93]
 [ 95  97 158]]","[[117 114 101]
 [105 104 109]
 [124 104 122]]","[[161  82  89]
 [ 95 133  90]
 [102 103 145]]","[[152  90  90]
 [ 97 124  97]
 [111  95 144]]","[[108 106 118]
 [111 103 104]
 [120 114 116]]"
26,att,1,1,0.2,-0.8,0.4,10000,0.43,0.35,0.427,0.402,0.354,0.4297009589779807,0.35015523903234985,0.427058737491979,0.4020529287744856,0.3540791358251676,0.42999999999999994,0.35,0.427,0.402,0.354,"[[152  98  91]
 [103 132  90]
 [ 99  89 146]]","[[119 104 118]
 [ 92 112 121]
 [ 99 116 119]]","[[144 101  96]
 [ 95 140  90]
 [103  88 143]]","[[130 106 105]
 [ 90 137  98]
 [107  92 135]]","[[119 116 106]
 [112 120  93]
 [114 105 115]]"
27,att,1,1,0.3,-0.7,0.0,10000,0.643,0.398,0.609,0.578,0.316,0.6427326368727467,0.3972033089708807,0.6082572159298502,0.5779884221361368,0.3160565537514512,0.643,0.398,0.609,0.578,0.316,"[[226  74  65]
 [ 58 198  59]
 [ 54  47 219]]","[[151  90 124]
 [101 123  91]
 [ 96 100 124]]","[[214  72  79]
 [ 63 183  69]
 [ 48  60 212]]","[[202  71  92]
 [ 64 180  71]
 [ 67  57 196]]","[[107 126 132]
 [ 98 104 113]
 [111 104 105]]"
28,att,1,1,0.3,-0.7,0.05,10000,0.601,0.361,0.568,0.515,0.324,0.6009872479035292,0.3609319531829122,0.5679575341933812,0.5150553797915537,0.3239466467296784,0.601,0.361,0.568,0.515,0.324,"[[198  71  60]
 [ 60 203  68]
 [ 74  66 200]]","[[129  94 106]
 [106 114 111]
 [106 116 118]]","[[185  78  66]
 [ 66 190  75]
 [ 78  69 193]]","[[173  76  80]
 [ 75 173  83]
 [ 90  81 169]]","[[115 107 107]
 [114 100 117]
 [108 123 109]]"
29,att,1,1,0.3,-0.7,0.1,10000,0.596,0.335,0.555,0.511,0.345,0.5958768162574996,0.3350944118494262,0.5545884160115659,0.5107229468110893,0.34452343934142027,0.596,0.335,0.555,0.511,0.345,"[[211  62  67]
 [ 57 187  63]
 [ 81  74 198]]","[[111 104 125]
 [ 97 107 103]
 [124 112 117]]","[[183  80  77]
 [ 69 170  68]
 [ 88  63 202]]","[[172  87  81]
 [ 72 157  78]
 [ 99  72 182]]","[[123 102 115]
 [106 103  98]
 [114 120 119]]"
30,att,1,1,0.3,-0.7,0.15000000000000002,10000,0.538,0.368,0.509,0.477,0.359,0.5380994091224859,0.36828828398424635,0.5079866206838268,0.47699470580907155,0.3592429452080272,0.538,0.368,0.509,0.477,0.359,"[[183  82  81]
 [ 70 181  77]
 [ 88  64 174]]","[[116 101 129]
 [ 92 133 103]
 [113  94 119]]","[[188  73  85]
 [ 90 151  87]
 [ 79  77 170]]","[[168  76 102]
 [ 85 155  88]
 [ 90  82 154]]","[[116 122 108]
 [110 122  96]
 [110  95 121]]"
31,att,1,1,0.3,-0.7,0.2,10000,0.512,0.351,0.486,0.464,0.294,0.5110429340301462,0.3504105871000684,0.48615202200632474,0.4640799203894718,0.2927614134510686,0.512,0.351,0.486,0.464,0.294,"[[186  74  80]
 [ 79 150  80]
 [ 93  82 176]]","[[123 111 106]
 [ 96 102 111]
 [107 118 126]]","[[160  85  95]
 [ 76 161  72]
 [ 94  92 165]]","[[158  87  95]
 [ 79 153  77]
 [ 85 113 153]]","[[ 95 130 115]
 [116  81 112]
 [115 118 118]]"
32,att,1,1,0.3,-0.7,0.25,10000,0.493,0.355,0.49,0.454,0.343,0.4927773675193394,0.3540770428649709,0.48878459526785983,0.4531908608199617,0.3426145597006678,0.493,0.35500000000000004,0.49,0.454,0.343,"[[173 106  84]
 [ 85 147  65]
 [ 92  75 173]]","[[112 124 127]
 [ 98 106  93]
 [ 91 112 137]]","[[180  91  92]
 [ 88 138  71]
 [ 96  72 172]]","[[143 113 107]
 [ 86 138  73]
 [ 81  86 173]]","[[124 112 127]
 [ 90 103 104]
 [117 107 116]]"
33,att,1,1,0.3,-0.7,0.30000000000000004,10000,0.443,0.371,0.429,0.436,0.32,0.4411207236677012,0.37015295385468044,0.4284905733384341,0.4350191311541298,0.3194756066278044,0.443,0.37099999999999994,0.429,0.436,0.32,"[[175  88  99]
 [ 90 129  92]
 [ 97  91 139]]","[[124 116 122]
 [ 86 109 116]
 [ 94  95 138]]","[[158  97 107]
 [ 80 132  99]
 [ 89  99 139]]","[[156 109  97]
 [ 78 126 107]
 [ 91  82 154]]","[[119 115 128]
 [106  97 108]
 [105 118 104]]"
34,att,1,1,0.3,-0.7,0.35000000000000003,10000,0.431,0.316,0.456,0.415,0.331,0.43050199861512767,0.31419250969465434,0.4539045613709016,0.41206355854615667,0.3298140040592704,0.43099999999999994,0.316,0.456,0.415,0.331,"[[134  84  98]
 [ 77 136  99]
 [102 109 161]]","[[ 90 118 108]
 [112  96 104]
 [109 133 130]]","[[128  92  96]
 [ 84 148  80]
 [ 99  93 180]]","[[108 110  98]
 [ 91 140  81]
 [100 105 167]]","[[ 92 112 112]
 [ 94 114 104]
 [123 124 125]]"
35,att,1,1,0.3,-0.7,0.4,10000,0.4,0.334,0.437,0.393,0.348,0.3988125149926767,0.3340636201701676,0.43647196599438504,0.3928296894831871,0.34784228252567423,0.4000000000000001,0.334,0.437,0.393,0.348,"[[151 116  78]
 [ 88 135 108]
 [110 100 114]]","[[113 117 115]
 [ 85 118 128]
 [108 113 103]]","[[159  93  93]
 [ 99 134  98]
 [ 94  86 144]]","[[141 106  98]
 [ 83 130 118]
 [107  95 122]]","[[123 111 111]
 [109 114 108]
 [105 108 111]]"
36,att,1,1,0.4,-0.6,0.0,10000,0.583,0.409,0.536,0.527,0.323,0.5829151774842196,0.40898280045915364,0.535263824900554,0.5267989526598608,0.32225724709295395,0.583,0.409,0.536,0.527,0.323,"[[195  71  80]
 [ 58 201  74]
 [ 64  70 187]]","[[136 102 108]
 [ 89 140 104]
 [ 93  95 133]]","[[198  66  82]
 [ 80 168  85]
 [ 75  76 170]]","[[184  75  87]
 [ 77 166  90]
 [ 77  67 177]]","[[123 111 112]
 [111 103 119]
 [121 103  97]]"
37,att,1,1,0.4,-0.6,0.05,10000,0.547,0.414,0.521,0.513,0.322,0.5469959816620503,0.413668191358056,0.520943602744273,0.5130711557027018,0.3219263055646757,0.547,0.414,0.521,0.513,0.322,"[[185  82  68]
 [ 72 182  71]
 [ 84  76 180]]","[[138 101  96]
 [ 98 127 100]
 [ 89 102 149]]","[[179  89  67]
 [ 79 175  71]
 [ 91  82 167]]","[[171  96  68]
 [ 72 172  81]
 [ 83  87 170]]","[[108  96 131]
 [119 102 104]
 [112 116 112]]"
38,att,1,1,0.4,-0.6,0.1,10000,0.563,0.406,0.502,0.493,0.348,0.5616308712548402,0.4053910316854982,0.5005809593845211,0.4922633012181515,0.34653647025043294,0.563,0.40599999999999997,0.502,0.493,0.348,"[[204  74  71]
 [ 74 162  76]
 [ 75  67 197]]","[[136  89 124]
 [ 94 121  97]
 [ 97  93 149]]","[[181  89  79]
 [ 88 142  82]
 [ 79  81 179]]","[[176  78  95]
 [ 87 146  79]
 [ 86  82 171]]","[[138  88 123]
 [113 100  99]
 [120 109 110]]"
39,att,1,1,0.4,-0.6,0.15000000000000002,10000,0.525,0.394,0.455,0.471,0.327,0.5250012804255854,0.39405797606708254,0.454523506721704,0.4701662857442533,0.32711751250839266,0.525,0.394,0.455,0.471,0.327,"[[180  82  81]
 [ 77 173  81]
 [ 85  69 172]]","[[138  92 113]
 [ 92 128 111]
 [ 96 102 128]]","[[162  89  92]
 [ 91 138 102]
 [ 86  85 155]]","[[176  82  85]
 [ 86 142 103]
 [ 87  86 153]]","[[105 144  94]
 [109 116 106]
 [101 119 106]]"
40,att,1,1,0.4,-0.6,0.2,10000,0.486,0.339,0.438,0.427,0.327,0.4843580727283001,0.33645053472663194,0.4364953047748747,0.42447256769344555,0.3262673556376895,0.486,0.339,0.43799999999999994,0.427,0.327,"[[184  91  84]
 [ 73 138  92]
 [ 90  84 164]]","[[140 101 118]
 [105  91 107]
 [124 106 108]]","[[163  97  99]
 [ 87 123  93]
 [ 93  93 152]]","[[170  91  98]
 [ 92 116  95]
 [100  97 141]]","[[121 119 119]
 [ 89  95 119]
 [124 103 111]]"
41,att,1,1,0.4,-0.6,0.25,10000,0.49,0.356,0.443,0.432,0.332,0.48983424766994904,0.35259434521691696,0.4413099416787731,0.4308490918473025,0.33173457487649755,0.49,0.356,0.443,0.432,0.332,"[[175  90  92]
 [ 68 152  74]
 [ 99  87 163]]","[[151 106 100]
 [108  95  91]
 [136 103 110]]","[[165  84 108]
 [ 90 121  83]
 [108  84 157]]","[[166  87 104]
 [ 95 122  77]
 [124  81 144]]","[[117 107 133]
 [101  99  94]
 [125 108 116]]"
42,att,1,1,0.4,-0.6,0.30000000000000004,10000,0.436,0.357,0.411,0.411,0.345,0.43574630794050156,0.35699306437858874,0.41081477259286864,0.41101700047830336,0.34463224738646536,0.436,0.357,0.411,0.411,0.345,"[[160  95  82]
 [ 90 135 101]
 [ 89 107 141]]","[[119 114 104]
 [103 121 102]
 [104 116 117]]","[[137  85 115]
 [104 128  94]
 [100  91 146]]","[[142  89 106]
 [ 99 133  94]
 [106  95 136]]","[[104 121 112]
 [ 98 119 109]
 [106 109 122]]"
43,att,1,1,0.4,-0.6,0.35000000000000003,10000,0.396,0.331,0.372,0.38,0.295,0.39621071754600196,0.3310219319820135,0.3720962738902733,0.38023126334036056,0.2949492862533707,0.396,0.331,0.372,0.38,0.295,"[[127 113 107]
 [ 87 137  99]
 [115  83 132]]","[[102 111 134]
 [108 111 104]
 [111 101 118]]","[[134  90 123]
 [ 97 123 103]
 [115 100 115]]","[[130 101 116]
 [ 88 127 108]
 [114  93 123]]","[[ 93 147 107]
 [121  87 115]
 [122  93 115]]"
44,att,1,1,0.4,-0.6,0.4,10000,0.404,0.341,0.374,0.376,0.332,0.4033376810913465,0.33941701199495006,0.3737508618300838,0.37480380052733375,0.3317321544626049,0.404,0.341,0.374,0.376,0.332,"[[122  89  93]
 [104 149  97]
 [104 109 133]]","[[ 91 112 101]
 [118 123 109]
 [102 117 127]]","[[116  83 105]
 [114 135 101]
 [113 110 123]]","[[107  91 106]
 [107 143 100]
 [107 113 126]]","[[107  90 107]
 [115 105 130]
 [125 101 120]]"
45,att,1,1,0.5,-0.5,0.0,10000,0.543,0.484,0.447,0.504,0.352,0.5424755662509301,0.4844855741203973,0.44547435721833056,0.5036937006563716,0.3512301627296474,0.543,0.484,0.447,0.504,0.352,"[[198  70  79]
 [ 71 170  67]
 [ 81  89 175]]","[[169  87  91]
 [ 76 160  72]
 [114  76 155]]","[[166  73 108]
 [ 90 124  94]
 [ 87 101 157]]","[[183  72  92]
 [ 77 154  77]
 [ 96  82 167]]","[[128 105 114]
 [ 97 102 109]
 [116 107 122]]"
46,att,1,1,0.5,-0.5,0.05,10000,0.557,0.474,0.479,0.519,0.324,0.5564021433001407,0.4738019518379339,0.47870323496260525,0.5187112558301231,0.32351048109854114,0.557,0.474,0.479,0.519,0.324,"[[199  75  80]
 [ 67 169  77]
 [ 72  72 189]]","[[167  95  92]
 [ 87 149  77]
 [ 88  87 158]]","[[171  90  93]
 [ 75 150  88]
 [ 90  85 158]]","[[184  77  93]
 [ 70 160  83]
 [ 80  78 175]]","[[113 121 120]
 [105  96 112]
 [112 106 115]]"
47,att,1,1,0.5,-0.5,0.1,10000,0.546,0.424,0.458,0.493,0.296,0.5455151078702339,0.4238862234580974,0.4576705742459493,0.4931147878814519,0.29600893885142504,0.546,0.424,0.458,0.493,0.296,"[[189  82  64]
 [ 89 164  77]
 [ 72  70 193]]","[[143  80 112]
 [102 133  95]
 [ 97  90 148]]","[[153  81 101]
 [ 92 141  97]
 [ 96  75 164]]","[[156  75 104]
 [ 89 169  72]
 [ 86  81 168]]","[[102 122 111]
 [101 102 127]
 [121 122  92]]"
48,att,1,1,0.5,-0.5,0.15000000000000002,10000,0.513,0.421,0.406,0.455,0.347,0.5130213122188576,0.42098890861138355,0.4057439397654923,0.4549904881683764,0.34649527728498225,0.513,0.421,0.40599999999999997,0.455,0.347,"[[168  89  87]
 [ 81 171  73]
 [ 76  81 174]]","[[140 108  96]
 [ 92 144  89]
 [ 98  96 137]]","[[138  98 108]
 [ 94 126 105]
 [ 96  93 142]]","[[152 101  91]
 [ 90 146  89]
 [ 94  80 157]]","[[126 100 118]
 [108 104 113]
 [111 103 117]]"
49,att,1,1,0.5,-0.5,0.2,10000,0.504,0.407,0.433,0.456,0.335,0.5025214299576071,0.40673414440269556,0.43285174068086835,0.4548655390183621,0.33499367631104154,0.504,0.40700000000000003,0.433,0.456,0.335,"[[179  77  92]
 [ 76 142  91]
 [ 74  86 183]]","[[142 110  96]
 [ 88 126  95]
 [103 101 139]]","[[153  99  96]
 [ 88 136  85]
 [109  90 144]]","[[173  79  96]
 [ 85 133  91]
 [105  88 150]]","[[109 120 119]
 [103 114  92]
 [106 125 112]]"
50,att,1,1,0.5,-0.5,0.25,10000,0.461,0.385,0.436,0.437,0.339,0.46090982716344975,0.384961611413521,0.43522923182899037,0.43590891497446665,0.3387979163570532,0.461,0.38499999999999995,0.436,0.437,0.339,"[[163  96  90]
 [ 92 147  75]
 [ 99  87 151]]","[[134 100 115]
 [ 95 122  97]
 [109  99 129]]","[[149  95 105]
 [ 91 129  94]
 [ 86  93 158]]","[[150  92 107]
 [ 95 126  93]
 [ 92  84 161]]","[[121 111 117]
 [109 109  96]
 [110 118 109]]"
51,att,1,1,0.5,-0.5,0.30000000000000004,10000,0.439,0.379,0.399,0.414,0.319,0.4390976425517478,0.37880613392693346,0.39879531161190346,0.41364663894103665,0.3183813815720393,0.439,0.37899999999999995,0.399,0.414,0.319,"[[147 100 122]
 [ 82 147  88]
 [ 79  90 145]]","[[119 122 128]
 [ 77 134 106]
 [ 80 108 126]]","[[128 120 121]
 [ 85 142  90]
 [ 79 106 129]]","[[133 118 118]
 [ 76 151  90]
 [ 87  97 130]]","[[117 132 120]
 [130  87 100]
 [104  95 115]]"
52,att,1,1,0.5,-0.5,0.35000000000000003,10000,0.412,0.359,0.375,0.378,0.336,0.4116155718174321,0.35854312107749803,0.3747178774765203,0.3774855127889924,0.33611084497992066,0.412,0.359,0.375,0.378,0.336,"[[152  91 102]
 [ 93 129 113]
 [ 92  97 131]]","[[132  99 114]
 [108 118 109]
 [111 100 109]]","[[135 112  98]
 [104 120 111]
 [114  86 120]]","[[137 106 102]
 [ 97 128 110]
 [112  95 113]]","[[111 127 107]
 [110 111 114]
 [103 103 114]]"
53,att,1,1,0.5,-0.5,0.4,10000,0.397,0.324,0.379,0.373,0.328,0.39684163633164576,0.3236036008667524,0.3791427958753974,0.3730292059104768,0.32786281066979434,0.3970000000000001,0.324,0.37899999999999995,0.373,0.328,"[[142 114  81]
 [103 125  93]
 [110 102 130]]","[[112 115 110]
 [120  96 105]
 [115 111 116]]","[[128 120  89]
 [114 117  90]
 [106 102 134]]","[[120 117 100]
 [105 129  87]
 [108 110 124]]","[[109 118 110]
 [111 115  95]
 [110 128 104]]"
54,att,1,1,0.6,-0.4,0.0,10000,0.585,0.548,0.409,0.536,0.352,0.5849774308755165,0.5475455207027954,0.4087146985003942,0.5357418522626751,0.35159053727110384,0.585,0.548,0.409,0.536,0.352,"[[199  80  68]
 [ 62 192  57]
 [ 67  81 194]]","[[198  64  85]
 [ 77 170  64]
 [ 75  87 180]]","[[140 107 100]
 [ 91 126  94]
 [ 95 104 143]]","[[192  68  87]
 [ 81 167  63]
 [ 83  82 177]]","[[129 111 107]
 [105 111  95]
 [112 118 112]]"
55,att,1,1,0.6,-0.4,0.05,10000,0.547,0.532,0.434,0.515,0.332,0.5470235566948779,0.5313960003782118,0.4340689387931165,0.5147125683761332,0.33193419647958056,0.547,0.532,0.434,0.515,0.332,"[[186  72  77]
 [ 90 185  58]
 [ 73  83 176]]","[[166  79  90]
 [ 74 195  64]
 [ 78  83 171]]","[[145  86 104]
 [ 89 139 105]
 [ 80 102 150]]","[[169  80  86]
 [ 76 183  74]
 [ 80  89 163]]","[[107 120 108]
 [119 121  93]
 [123 105 104]]"
56,att,1,1,0.6,-0.4,0.1,10000,0.552,0.487,0.411,0.465,0.333,0.551784580438755,0.4865044758213363,0.40876624866447897,0.4640209716139398,0.3329419222863291,0.552,0.487,0.411,0.465,0.333,"[[181  80  91]
 [ 78 173  59]
 [ 69  71 198]]","[[170  93  89]
 [ 88 147  75]
 [ 78  90 170]]","[[147 103 102]
 [107 108  95]
 [ 90  92 156]]","[[165  96  91]
 [ 96 134  80]
 [ 83  89 166]]","[[114 110 128]
 [105 106  99]
 [108 117 113]]"
57,att,1,1,0.6,-0.4,0.15000000000000002,10000,0.53,0.459,0.39,0.485,0.338,0.5299328450786503,0.459020228718096,0.39013573359923104,0.4846280062338219,0.3377747135118756,0.53,0.459,0.39,0.485,0.338,"[[171  79  74]
 [ 86 176  66]
 [ 80  85 183]]","[[153  69 102]
 [ 90 145  93]
 [ 96  91 161]]","[[127 104  93]
 [117 125  86]
 [116  94 138]]","[[156  83  85]
 [ 85 154  89]
 [ 95  78 175]]","[[122 100 102]
 [113 110 105]
 [130 112 106]]"
58,att,1,1,0.6,-0.4,0.2,10000,0.517,0.42,0.399,0.451,0.326,0.516792162688895,0.42036495626958525,0.39882525613750913,0.4503103968949862,0.3258880620295664,0.517,0.41999999999999993,0.399,0.451,0.326,"[[180  90  93]
 [ 76 179  62]
 [ 83  79 158]]","[[144 111 108]
 [100 139  78]
 [ 99  84 137]]","[[146 108 109]
 [107 124  86]
 [110  81 129]]","[[169  86 108]
 [ 94 140  83]
 [ 94  84 142]]","[[113 127 123]
 [103 101 113]
 [ 94 114 112]]"
59,att,1,1,0.6,-0.4,0.25,10000,0.48,0.424,0.409,0.447,0.316,0.47967708903483164,0.4236674616688001,0.40832531635492114,0.44668688365427633,0.315822815069803,0.48,0.424,0.409,0.447,0.316,"[[150  87  85]
 [ 80 171  86]
 [ 89  93 159]]","[[129  89 104]
 [104 142  91]
 [101  87 153]]","[[140  93  89]
 [109 120 108]
 [ 98  94 149]]","[[145  84  93]
 [100 141  96]
 [101  79 161]]","[[103  98 121]
 [106 121 110]
 [133 116  92]]"
60,att,1,1,0.6,-0.4,0.30000000000000004,10000,0.45,0.41,0.363,0.395,0.345,0.4499749082162736,0.4078047485404664,0.36273352328904646,0.39431458268629277,0.344548219351369,0.45,0.41,0.363,0.395,0.345,"[[142  92  74]
 [ 92 152  99]
 [ 93 100 156]]","[[110 105  93]
 [ 75 158 110]
 [102 105 142]]","[[112  97  99]
 [102 130 111]
 [114 114 121]]","[[115  94  99]
 [ 78 148 117]
 [109 108 132]]","[[103  92 113]
 [114 120 109]
 [110 117 122]]"
61,att,1,1,0.6,-0.4,0.35000000000000003,10000,0.431,0.361,0.382,0.399,0.349,0.43140765010440335,0.36070813488695497,0.3822582091874534,0.3989016720716025,0.34890084394648585,0.43099999999999994,0.361,0.382,0.399,0.349,"[[144 123  81]
 [100 149  81]
 [ 86  98 138]]","[[130 118 100]
 [102 119 109]
 [104 106 112]]","[[132  96 120]
 [105 129  96]
 [114  87 121]]","[[134 107 107]
 [ 95 140  95]
 [105  92 125]]","[[119 110 119]
 [114 120  96]
 [102 110 110]]"
62,att,1,1,0.6,-0.4,0.4,10000,0.397,0.342,0.382,0.354,0.355,0.3971371054293555,0.34192741872951576,0.3812913536331714,0.3536250154640656,0.35420091023931405,0.3970000000000001,0.342,0.382,0.354,0.35500000000000004,"[[136 106 107]
 [ 82 125  96]
 [123  89 136]]","[[119 126 104]
 [100 112  91]
 [118 119 111]]","[[138 110 101]
 [ 92 111 100]
 [101 114 133]]","[[127 113 109]
 [101 108  94]
 [120 109 119]]","[[126 117 106]
 [101 102 100]
 [110 111 127]]"
63,att,1,1,0.7,-0.3,0.0,10000,0.63,0.605,0.366,0.552,0.318,0.6300253726537789,0.6048613884504688,0.36585580987613825,0.5520742170519576,0.3177255680289197,0.63,0.605,0.366,0.552,0.318,"[[208  63  68]
 [ 51 205  51]
 [ 63  74 217]]","[[212  68  59]
 [ 58 193  56]
 [ 81  73 200]]","[[127 109 103]
 [108 113  86]
 [123 105 126]]","[[190  77  72]
 [ 67 182  58]
 [ 92  82 180]]","[[101 136 102]
 [103  99 105]
 [117 119 118]]"
64,att,1,1,0.7,-0.3,0.05,10000,0.612,0.58,0.376,0.535,0.316,0.6119683746484945,0.5800511616790742,0.3759296159025715,0.5351358150498079,0.3158350070189167,0.612,0.58,0.376,0.535,0.316,"[[196  74  67]
 [ 61 212  58]
 [ 73  55 204]]","[[190  80  67]
 [ 71 199  61]
 [ 74  67 191]]","[[117 109 111]
 [ 94 133 104]
 [112  94 126]]","[[177  78  82]
 [ 78 180  73]
 [ 86  68 178]]","[[108 123 106]
 [125  93 113]
 [107 110 115]]"
65,att,1,1,0.7,-0.3,0.1,10000,0.602,0.546,0.392,0.519,0.334,0.6016948988994368,0.5458410861508206,0.3917716654626973,0.5187891684787634,0.3336433460980559,0.602,0.546,0.39200000000000007,0.519,0.334,"[[211  68  62]
 [ 66 206  57]
 [ 56  89 185]]","[[182  83  76]
 [ 69 190  70]
 [ 80  76 174]]","[[141 112  88]
 [114 117  98]
 [ 99  97 134]]","[[181  87  73]
 [ 84 159  86]
 [ 67  84 179]]","[[122 116 103]
 [121 101 107]
 [112 107 111]]"
66,att,1,1,0.7,-0.3,0.15000000000000002,10000,0.527,0.496,0.393,0.486,0.328,0.5267955688982596,0.4960176406656638,0.3927668199024907,0.48558762234771935,0.32714607366732446,0.527,0.496,0.393,0.486,0.328,"[[188  83  86]
 [ 84 166  77]
 [ 77  66 173]]","[[165  89 103]
 [ 79 166  82]
 [ 70  81 165]]","[[135 116 106]
 [113 116  98]
 [ 89  85 142]]","[[157  99 101]
 [ 84 152  91]
 [ 72  67 177]]","[[121 108 128]
 [106 118 103]
 [124 103  89]]"
67,att,1,1,0.7,-0.3,0.2,10000,0.526,0.485,0.386,0.479,0.344,0.525661338987895,0.484836223091697,0.38573173814137673,0.4784915783810159,0.34393974800295113,0.526,0.485,0.386,0.479,0.344,"[[184  77  85]
 [ 77 179  80]
 [ 77  78 163]]","[[161  95  90]
 [ 88 171  77]
 [ 70  95 153]]","[[123 105 118]
 [ 89 143 104]
 [106  92 120]]","[[160  83 103]
 [ 81 175  80]
 [ 91  83 144]]","[[112 109 125]
 [103 120 113]
 [ 94 112 112]]"
68,att,1,1,0.7,-0.3,0.25,10000,0.517,0.481,0.37,0.468,0.313,0.5162303274272783,0.48088386501699204,0.37001623630016583,0.4681143782070425,0.3127710324049546,0.517,0.481,0.37,0.468,0.313,"[[190  76  73]
 [ 86 156  78]
 [ 77  93 171]]","[[161  84  94]
 [ 72 170  78]
 [ 93  98 150]]","[[123 117  99]
 [119 113  88]
 [103 104 134]]","[[151 107  81]
 [ 88 160  72]
 [ 91  93 157]]","[[112 124 103]
 [107  95 118]
 [119 116 106]]"
69,att,1,1,0.7,-0.3,0.30000000000000004,10000,0.496,0.405,0.368,0.412,0.312,0.495699401874597,0.40509087808218164,0.36766340905973544,0.4121325310551973,0.3118056995022875,0.496,0.405,0.368,0.412,0.312,"[[173  93  98]
 [ 68 171  71]
 [ 84  90 152]]","[[130 122 112]
 [100 129  81]
 [ 84  96 146]]","[[124 110 130]
 [ 93 113 104]
 [ 90 105 131]]","[[133 120 111]
 [ 90 139  81]
 [ 88  98 140]]","[[115 106 143]
 [101  96 113]
 [117 108 101]]"
70,att,1,1,0.7,-0.3,0.35000000000000003,10000,0.444,0.408,0.365,0.385,0.339,0.44349993480674604,0.40763828740618674,0.3651466230530482,0.3848883898835562,0.3385562065106818,0.444,0.408,0.36499999999999994,0.38499999999999995,0.339,"[[137  86  83]
 [ 90 144  94]
 [117  86 163]]","[[125  98  83]
 [111 134  83]
 [ 98 119 149]]","[[127  85  94]
 [111 117 100]
 [113 132 121]]","[[123  95  88]
 [103 128  97]
 [120 112 134]]","[[105  97 104]
 [109 109 110]
 [113 128 125]]"
71,att,1,1,0.7,-0.3,0.4,10000,0.421,0.412,0.362,0.386,0.359,0.4209832817828216,0.41134589255814746,0.36192901209281336,0.3859445982914862,0.3580011247084694,0.421,0.412,0.362,0.386,0.359,"[[146  85 101]
 [ 82 130 109]
 [111  91 145]]","[[139 101  92]
 [106 122  93]
 [102  94 151]]","[[124 101 107]
 [105 129  87]
 [130 108 109]]","[[135 102  95]
 [109 122  90]
 [123  95 129]]","[[111 112 109]
 [ 91 110 120]
 [105 104 138]]"
72,att,1,1,0.8,-0.2,0.0,10000,0.705,0.688,0.345,0.62,0.348,0.7050706979653603,0.6880257868974683,0.34484368908947854,0.6198880958550544,0.34745540361765004,0.705,0.688,0.345,0.62,0.348,"[[232  56  49]
 [ 53 234  37]
 [ 51  49 239]]","[[223  51  63]
 [ 39 237  48]
 [ 51  60 228]]","[[108 120 109]
 [116 110  98]
 [ 97 115 127]]","[[196  61  80]
 [ 57 216  51]
 [ 64  67 208]]","[[100 108 129]
 [ 97 125 102]
 [107 109 123]]"
73,att,1,1,0.8,-0.2,0.05,10000,0.689,0.673,0.327,0.593,0.303,0.6889856239587545,0.6727903504074897,0.3269836872182705,0.5930006265807731,0.30285229721378876,0.689,0.673,0.327,0.593,0.303,"[[234  56  53]
 [ 47 229  45]
 [ 54  56 226]]","[[230  53  60]
 [ 56 213  52]
 [ 46  60 230]]","[[111 123 109]
 [ 97 105 119]
 [112 113 111]]","[[195  72  76]
 [ 58 195  68]
 [ 67  66 203]]","[[109 116 118]
 [ 96 106 119]
 [120 128  88]]"
74,att,1,1,0.8,-0.2,0.1,10000,0.632,0.638,0.378,0.586,0.349,0.6317591981580762,0.6380777188129994,0.3776756186570464,0.5860304105571518,0.34897139280392464,0.632,0.638,0.378,0.586,0.349,"[[215  62  48]
 [ 57 218  53]
 [ 74  74 199]]","[[208  54  63]
 [ 53 218  57]
 [ 70  65 212]]","[[116  90 119]
 [101 123 104]
 [112  96 139]]","[[191  67  67]
 [ 67 195  66]
 [ 82  65 200]]","[[120  99 106]
 [105 108 115]
 [105 121 121]]"
75,att,1,1,0.8,-0.2,0.15000000000000002,10000,0.608,0.574,0.366,0.519,0.348,0.6078118568675704,0.5733317542992845,0.36592166207254,0.5189334465298857,0.347929578844515,0.608,0.574,0.366,0.519,0.348,"[[214  66  71]
 [ 66 202  52]
 [ 67  70 192]]","[[207  66  78]
 [ 61 194  65]
 [ 63  93 173]]","[[118 126 107]
 [109 113  98]
 [100  94 135]]","[[173  89  89]
 [ 68 178  74]
 [ 74  87 168]]","[[114 118 119]
 [ 99 113 108]
 [ 96 112 121]]"
76,att,1,1,0.8,-0.2,0.2,10000,0.581,0.531,0.368,0.509,0.323,0.5807638238103348,0.5304742710464679,0.36820803136176616,0.5087925200743723,0.32240363370625374,0.581,0.531,0.368,0.509,0.323,"[[206  69  69]
 [ 60 188  73]
 [ 71  77 187]]","[[193  80  71]
 [ 78 169  74]
 [ 82  84 169]]","[[120 113 111]
 [102 124  95]
 [116  95 124]]","[[180  95  69]
 [ 77 161  83]
 [ 85  82 168]]","[[ 94 131 119]
 [104 108 109]
 [104 110 121]]"
77,att,1,1,0.8,-0.2,0.25,10000,0.535,0.51,0.396,0.48,0.353,0.5343907875045146,0.5100274725274724,0.39612851127078974,0.4801828445928423,0.352959203635101,0.535,0.51,0.396,0.48,0.353,"[[186  88  69]
 [ 76 161  81]
 [ 78  73 188]]","[[169  94  80]
 [ 73 171  74]
 [ 87  82 170]]","[[135 103 105]
 [ 82 132 104]
 [111  99 129]]","[[162  82  99]
 [ 76 155  87]
 [ 95  81 163]]","[[125 117 101]
 [114 114  90]
 [123 102 114]]"
78,att,1,1,0.8,-0.2,0.30000000000000004,10000,0.505,0.486,0.357,0.46,0.334,0.5030335233252984,0.48520529143071317,0.3566299128897901,0.45841395804365986,0.33378063701786514,0.505,0.486,0.357,0.46,0.334,"[[192  86  78]
 [ 77 173  73]
 [101  80 140]]","[[180  95  81]
 [ 72 158  93]
 [ 90  83 148]]","[[132 101 123]
 [111 118  94]
 [118  96 107]]","[[180  87  89]
 [ 90 143  90]
 [107  77 137]]","[[118 111 127]
 [111 114  98]
 [108 111 102]]"
79,att,1,1,0.8,-0.2,0.35000000000000003,10000,0.484,0.448,0.38,0.465,0.327,0.48400682050951804,0.44736516422593203,0.3798237349231452,0.46462502100281267,0.32694422623723485,0.484,0.44800000000000006,0.38,0.465,0.327,"[[157  86 106]
 [ 81 166  78]
 [ 77  88 161]]","[[159  94  96]
 [106 131  88]
 [ 74  94 158]]","[[133 101 115]
 [104 118 103]
 [108  89 129]]","[[162  91  96]
 [ 95 142  88]
 [ 78  87 161]]","[[ 97 131 121]
 [106 113 106]
 [113  96 117]]"
80,att,1,1,0.8,-0.2,0.4,10000,0.403,0.43,0.37,0.412,0.353,0.4029811266779839,0.42995014563592254,0.36943421841523444,0.4115519662660312,0.35282925635938417,0.403,0.42999999999999994,0.37,0.412,0.353,"[[130 108  94]
 [102 140 100]
 [104  89 133]]","[[144 106  82]
 [101 150  91]
 [104  86 136]]","[[136  93 103]
 [124 122  96]
 [102 112 112]]","[[149  88  95]
 [105 137 100]
 [107  93 126]]","[[115 119  98]
 [103 125 114]
 [110 103 113]]"
81,att,1,1,0.9,-0.1,0.0,10000,0.845,0.791,0.306,0.718,0.312,0.845095179664658,0.7912527010289242,0.3056653327654704,0.7179016561774896,0.3113359513147356,0.845,0.791,0.306,0.718,0.312,"[[294  30  24]
 [ 18 275  14]
 [ 37  32 276]]","[[278  27  43]
 [ 25 252  30]
 [ 43  41 261]]","[[ 98 128 122]
 [116  93  98]
 [114 116 115]]","[[252  53  43]
 [ 36 231  40]
 [ 59  51 235]]","[[109 113 126]
 [120  90  97]
 [119 113 113]]"
82,att,1,1,0.9,-0.1,0.05,10000,0.798,0.764,0.323,0.683,0.367,0.798169672960784,0.7640062363492425,0.32214459897804565,0.6831087464454031,0.3661565573655689,0.798,0.764,0.323,0.683,0.367,"[[267  35  39]
 [ 30 266  22]
 [ 41  35 265]]","[[254  43  44]
 [ 32 251  35]
 [ 36  46 259]]","[[115 112 114]
 [121  91 106]
 [132  92 117]]","[[235  48  58]
 [ 50 223  45]
 [ 61  55 225]]","[[142  89 110]
 [103 116  99]
 [113 119 109]]"
83,att,1,1,0.9,-0.1,0.1,10000,0.737,0.733,0.324,0.664,0.325,0.7369816386997402,0.7328855134002987,0.3241181075566011,0.6638710374819207,0.3249458769573463,0.737,0.733,0.324,0.664,0.325,"[[244  52  46]
 [ 41 253  34]
 [ 40  50 240]]","[[252  45  45]
 [ 40 244  44]
 [ 44  49 237]]","[[101 114 127]
 [125 108  95]
 [107 108 115]]","[[228  57  57]
 [ 58 225  45]
 [ 56  63 211]]","[[103 118 121]
 [115 113 100]
 [103 118 109]]"
84,att,1,1,0.9,-0.1,0.15000000000000002,10000,0.71,0.655,0.363,0.599,0.361,0.7101051217647205,0.6549546930590092,0.36302138251715615,0.5986687012912113,0.36085972612288403,0.7100000000000001,0.655,0.363,0.599,0.361,"[[232  61  42]
 [ 48 243  37]
 [ 57  45 235]]","[[220  52  63]
 [ 61 210  57]
 [ 59  53 225]]","[[123 109 103]
 [112 120  96]
 [110 107 120]]","[[196  75  64]
 [ 74 189  65]
 [ 64  59 214]]","[[131  97 107]
 [100 109 119]
 [100 116 121]]"
85,att,1,1,0.9,-0.1,0.2,10000,0.652,0.614,0.362,0.568,0.324,0.6517758784425451,0.6135818421322358,0.3618224358721401,0.567637495845913,0.3239183465940836,0.652,0.614,0.362,0.568,0.324,"[[223  61  51]
 [ 58 206  47]
 [ 59  72 223]]","[[199  69  67]
 [ 56 194  61]
 [ 66  67 221]]","[[127 111  97]
 [ 88 112 111]
 [122 109 123]]","[[182  86  67]
 [ 61 183  67]
 [ 77  74 203]]","[[107 113 115]
 [103 104 104]
 [121 120 113]]"
86,att,1,1,0.9,-0.1,0.25,10000,0.61,0.583,0.344,0.545,0.325,0.610004042348256,0.5831850987333803,0.3437684334474358,0.545014217336009,0.32504261459034983,0.61,0.583,0.344,0.545,0.325,"[[204  67  67]
 [ 65 205  53]
 [ 59  79 201]]","[[196  63  79]
 [ 54 199  70]
 [ 70  81 188]]","[[112 104 122]
 [107 109 107]
 [100 116 123]]","[[177  84  77]
 [ 66 181  76]
 [ 66  86 187]]","[[114 112 112]
 [111 108 104]
 [ 99 137 103]]"
87,att,1,1,0.9,-0.1,0.30000000000000004,10000,0.576,0.501,0.348,0.468,0.354,0.5761118261118261,0.5004519248426633,0.34684858170271643,0.4674388755661198,0.3538956935903111,0.576,0.501,0.348,0.468,0.354,"[[196  76  77]
 [ 64 189  65]
 [ 77  65 191]]","[[179  82  88]
 [ 65 173  80]
 [ 86  98 149]]","[[129 104 116]
 [111  98 109]
 [116  96 121]]","[[173  82  94]
 [ 77 153  88]
 [ 92  99 142]]","[[124 109 116]
 [105 115  98]
 [106 112 115]]"
88,att,1,1,0.9,-0.1,0.35000000000000003,10000,0.552,0.521,0.356,0.502,0.328,0.5527291839072151,0.5210400060930437,0.3558924102383693,0.502079870100301,0.32788158147206053,0.552,0.521,0.356,0.502,0.328,"[[188  92  54]
 [ 90 183  52]
 [ 70  90 181]]","[[169  86  79]
 [ 74 180  71]
 [ 94  75 172]]","[[124 122  88]
 [109 109 107]
 [117 101 123]]","[[166  98  70]
 [ 79 171  75]
 [ 83  93 165]]","[[114 118 102]
 [113 111 101]
 [112 126 103]]"
89,att,1,1,0.9,-0.1,0.4,10000,0.479,0.435,0.338,0.418,0.339,0.47914013644596826,0.43510895726695337,0.336225409210227,0.417916681878814,0.3389508290382186,0.479,0.435,0.338,0.418,0.339,"[[153  79  94]
 [ 79 166  80]
 [101  88 160]]","[[150  81  95]
 [ 86 138 101]
 [ 98 104 147]]","[[109  95 122]
 [116  94 115]
 [101 113 135]]","[[141  93  92]
 [ 92 132 101]
 [ 99 105 145]]","[[110 102 114]
 [110 112 103]
 [110 122 117]]"
90,att,1,1,1.0,0.0,0.0,10000,0.924,0.91,0.308,0.846,0.337,0.9239734269448903,0.9099626227810389,0.30755524431995024,0.8457646525379531,0.33654766415166515,0.924,0.91,0.308,0.8459999999999999,0.337,"[[313  14   8]
 [ 10 305   9]
 [ 16  19 306]]","[[310  12  13]
 [  6 305  13]
 [ 26  20 295]]","[[112 118 105]
 [114  90 120]
 [119 116 106]]","[[296  19  20]
 [ 18 280  26]
 [ 38  33 270]]","[[124 111 100]
 [124 109  91]
 [117 120 104]]"
91,att,1,1,1.0,0.0,0.05,10000,0.887,0.854,0.322,0.798,0.35,0.8869996767778833,0.8539534856087004,0.3216605650559837,0.7979993832247855,0.34990013776539186,0.887,0.854,0.322,0.798,0.35,"[[297  22  14]
 [ 14 297  10]
 [ 27  26 293]]","[[292  20  21]
 [ 16 286  19]
 [ 37  33 276]]","[[107 109 117]
 [116  98 107]
 [125 104 117]]","[[272  28  33]
 [ 27 269  25]
 [ 48  41 257]]","[[122 105 106]
 [108 112 101]
 [115 115 116]]"
92,att,1,1,1.0,0.0,0.1,10000,0.837,0.775,0.315,0.717,0.327,0.8369281045751634,0.7747707858956309,0.31480956679054933,0.7168302136253919,0.3259551522768009,0.8370000000000001,0.775,0.315,0.7169999999999999,0.327,"[[287  32  25]
 [ 21 275  17]
 [ 28  40 275]]","[[271  38  35]
 [ 30 254  29]
 [ 40  53 250]]","[[104 110 130]
 [108  98 107]
 [120 110 113]]","[[251  43  50]
 [ 43 237  33]
 [ 53  61 229]]","[[127 112 105]
 [112  99 102]
 [129 113 101]]"
93,att,1,1,1.0,0.0,0.15000000000000002,10000,0.794,0.756,0.297,0.682,0.332,0.7939249218664851,0.7559298505313722,0.29722001435015666,0.681907925993506,0.3319124803457087,0.7940000000000002,0.756,0.297,0.682,0.332,"[[265  36  37]
 [ 29 271  35]
 [ 34  35 258]]","[[255  38  45]
 [ 37 256  42]
 [ 41  41 245]]","[[ 98 126 114]
 [134 100 101]
 [107 121  99]]","[[232  51  55]
 [ 57 232  46]
 [ 54  55 218]]","[[114 114 110]
 [122 102 111]
 [103 108 116]]"
94,att,1,1,1.0,0.0,0.2,10000,0.733,0.711,0.311,0.629,0.339,0.7329716347818874,0.7109901325210237,0.31061320161336736,0.6286028017201195,0.338576083757591,0.733,0.7110000000000001,0.311,0.629,0.339,"[[242  42  35]
 [ 49 250  42]
 [ 53  46 241]]","[[231  51  37]
 [ 49 249  43]
 [ 50  59 231]]","[[ 99 110 110]
 [108 116 117]
 [120 124  96]]","[[209  57  53]
 [ 66 225  50]
 [ 63  82 195]]","[[100 112 107]
 [118 114 109]
 [116  99 125]]"
95,att,1,1,1.0,0.0,0.25,10000,0.669,0.617,0.351,0.553,0.339,0.6689232483311215,0.6169235334572591,0.3501141419801707,0.5528822492073314,0.3391073124406458,0.669,0.617,0.351,0.553,0.339,"[[218  67  50]
 [ 50 221  46]
 [ 56  62 230]]","[[204  66  65]
 [ 74 195  48]
 [ 70  60 218]]","[[135  98 102]
 [109 104 104]
 [147  89 112]]","[[188  76  71]
 [ 76 175  66]
 [ 84  74 190]]","[[111 112 112]
 [104 113 100]
 [125 108 115]]"
96,att,1,1,1.0,0.0,0.30000000000000004,10000,0.617,0.594,0.354,0.536,0.321,0.6169100028485601,0.5936012934256775,0.35371296145062203,0.5358416242626769,0.3209250339775782,0.617,0.594,0.354,0.536,0.321,"[[213  61  65]
 [ 67 204  69]
 [ 57  64 200]]","[[187  71  81]
 [ 60 212  68]
 [ 59  67 195]]","[[109 112 118]
 [113 115 112]
 [100  91 130]]","[[166  77  96]
 [ 84 184  72]
 [ 71  64 186]]","[[112 114 113]
 [120 100 120]
 [104 108 109]]"
97,att,1,1,1.0,0.0,0.35000000000000003,10000,0.58,0.548,0.346,0.489,0.347,0.5800424104033061,0.5478405785070631,0.34564021831798825,0.4881076144620744,0.3469453810925835,0.58,0.548,0.346,0.489,0.347,"[[195  74  82]
 [ 57 193  63]
 [ 62  82 192]]","[[184  72  95]
 [ 71 173  69]
 [ 63  82 191]]","[[108 119 124]
 [ 98 111 104]
 [103 106 127]]","[[153  89 109]
 [ 79 153  81]
 [ 62  91 183]]","[[121 122 108]
 [107 112  94]
 [106 116 114]]"
98,att,1,1,1.0,0.0,0.4,10000,0.538,0.51,0.341,0.471,0.319,0.5377766512349758,0.509987049963433,0.34097245158176986,0.4708555505352889,0.3189827772600366,0.538,0.51,0.341,0.471,0.319,"[[169  79  80]
 [ 73 185  82]
 [ 76  72 184]]","[[165  77  86]
 [ 76 176  88]
 [ 78  85 169]]","[[122 112  94]
 [128 110 102]
 [107 116 109]]","[[149  90  89]
 [ 87 160  93]
 [ 82  88 162]]","[[113 105 110]
 [107 104 129]
 [128 102 102]]"
